<application>
  <component name="DepsSettings">
    <option name="clojureCommandPath" value="/usr/bin/clojure" />
    <option name="configFiles">
      <list>
        <option value="/usr/share/clojure/deps.edn" />
        <option value="$USER_HOME$/.clojure/deps.edn" />
      </list>
    </option>
    <option name="configPath" value="$USER_HOME$/.clojure" />
    <option name="executableHash" value="41078283" />
    <option name="installPath" value="/usr/share/clojure" />
    <option name="uberjarPath" value="/usr/share/clojure/libexec/clojure-tools-1.10.1.536.jar" />
    <option name="version" value="1.10.1.536" />
  </component>
</application>